{"time/step_time_s":6.7787089347839355,"throughput/batch_total_tokens":5699,"pipeline/mixed_policy_seqs":8,"_timestamp":1.7741251038193278e+09,"_step":6,"throughput/tokens_per_s":421.9692378402424,"policyness/avg_token_lag":5.875,"throughput/avg_seq_length":712.375,"_runtime":49.334151397,"time/elapsed_s":38.43408131599426,"train/total_sequences":48,"train/loss":-246.5476531982422,"policyness/max_token_lag":6,"policyness/ess":0.5072922110557556,"train/reward":0.125,"pipeline/async_level":3,"train/step_time_s":6.7787089347839355,"policyness/min_token_lag":4,"_wandb":{"runtime":49}}