{"throughput/tokens_per_s":417.1958288800893,"throughput/avg_seq_length":362.625,"train/reward":0.125,"train/step_time_s":6.268518686294556,"policyness/avg_token_lag":9.375,"time/step_time_s":6.268518686294556,"_timestamp":1.7741255854635231e+09,"policyness/min_token_lag":8,"throughput/batch_total_tokens":2901,"pipeline/async_level":3,"policyness/max_token_lag":10,"_wandb":{"runtime":114},"pipeline/mixed_policy_seqs":8,"train/loss":-96.11629486083984,"_runtime":114.886397648,"_step":13,"policyness/ess":0.5621582865715027,"time/elapsed_s":81.52526378631592,"train/total_sequences":104}