{"throughput/avg_seq_length":358.75,"throughput/batch_total_tokens":2870,"policyness/avg_token_lag":-1,"train/step_time_s":6.2320098876953125,"_runtime":40.861200721,"throughput/tokens_per_s":416.6692055492257,"pipeline/async_level":1,"policyness/min_token_lag":-1,"policyness/ess":0.999119222164154,"train/reward":0.5,"pipeline/mixed_policy_seqs":0,"policyness/max_token_lag":-1,"_timestamp":1.7741261819437513e+09,"_wandb":{"runtime":40},"_step":4,"train/total_sequences":32,"train/loss":-0.07192369550466537,"time/step_time_s":6.2320098876953125,"time/elapsed_s":25.658243656158447}