{"throughput/tokens_per_s":333.96474933349447,"pipeline/async_level":3,"train/total_sequences":144,"policyness/ess":0.9991023540496826,"train/loss":-0.017746763303875923,"train/step_time_s":6.713767051696777,"train/reward":0.125,"_step":18,"policyness/min_token_lag":8,"time/elapsed_s":136.56531143188477,"pipeline/mixed_policy_seqs":8,"throughput/batch_total_tokens":2629,"time/step_time_s":6.713767051696777,"policyness/avg_token_lag":9.25,"_wandb":{"runtime":152},"_timestamp":1.7741259637632818e+09,"_runtime":152.603224978,"policyness/max_token_lag":10,"throughput/avg_seq_length":328.625}