{"pipeline/mixed_policy_seqs":7,"throughput/avg_seq_length":298.625,"train/step_time_s":6.468961238861084,"_runtime":282.39009956,"policyness/avg_token_lag":18.875,"time/step_time_s":6.468961238861084,"_wandb":{"runtime":282},"policyness/min_token_lag":18,"train/loss":0.020226962864398956,"policyness/max_token_lag":19,"time/elapsed_s":276.11716389656067,"_step":37,"train/total_sequences":296,"pipeline/async_level":2,"_timestamp":1.774126825837919e+09,"throughput/tokens_per_s":319.14712854653385,"train/reward":0.5,"throughput/batch_total_tokens":2389,"policyness/ess":0.999017596244812}