{"_step":2,"policyness/min_token_lag":2,"policyness/ess":0.6960763335227966,"throughput/tokens_per_s":511.5662181353788,"train/reward":0.0625,"policyness/max_token_lag":2,"policyness/avg_token_lag":2,"throughput/batch_total_tokens":4926,"time/elapsed_s":13.529040336608887,"pipeline/async_level":1,"time/step_time_s":6.678898096084595,"_wandb":{"runtime":23},"train/step_time_s":6.678898096084595,"train/loss":-13.264021873474121,"_timestamp":1.7741248867499032e+09,"throughput/avg_seq_length":307.875,"train/total_sequences":32,"pipeline/mixed_policy_seqs":0,"_runtime":23.671350732}