{"policyness/max_token_lag":2,"_wandb":{"runtime":55},"time/step_time_s":6.879961013793945,"pipeline/mixed_policy_seqs":0,"policyness/min_token_lag":2,"time/elapsed_s":47.42491436004639,"_runtime":55.631203921,"_timestamp":1.7741248095076146e+09,"throughput/batch_total_tokens":4926,"train/loss":-13.264021873474121,"throughput/avg_seq_length":307.875,"policyness/ess":0.6960763335227966,"train/reward":0.0625,"train/total_sequences":32,"train/step_time_s":6.879961013793945,"throughput/tokens_per_s":145.93595145910624,"_step":2,"policyness/avg_token_lag":2,"pipeline/async_level":1}