{"_runtime":35.180677722,"pipeline/async_level":1,"_step":3,"policyness/max_token_lag":-2,"pipeline/mixed_policy_seqs":0,"policyness/avg_token_lag":-2,"throughput/tokens_per_s":407.44692286056267,"throughput/batch_total_tokens":2926,"time/step_time_s":6.204128265380859,"train/total_sequences":24,"_wandb":{"runtime":35},"train/loss":-0.038479506969451904,"policyness/ess":0.9988958835601807,"train/reward":0.25,"throughput/avg_seq_length":365.75,"_timestamp":1.7741262926403124e+09,"train/step_time_s":6.204128265380859,"policyness/min_token_lag":-2,"time/elapsed_s":19.195138216018677}