{"train/total_sequences":88,"pipeline/async_level":3,"throughput/batch_total_tokens":1779,"time/step_time_s":6.62294602394104,"train/loss":-212.1636505126953,"time/elapsed_s":111.74494075775146,"throughput/avg_seq_length":222.375,"_step":11,"train/reward":0.25,"policyness/min_token_lag":7,"throughput/tokens_per_s":251.98456242455657,"_wandb":{"runtime":128},"policyness/avg_token_lag":8.125,"pipeline/mixed_policy_seqs":5,"policyness/ess":0.4730266034603119,"policyness/max_token_lag":9,"_timestamp":1.7741253763751488e+09,"_runtime":128.098041676,"train/step_time_s":6.62294602394104}